"ID";"Bronnen";"Perioden";"CO2_1";"CH4_2";"N2O_3"
"0";"T001176  ";"1990JJ00";"  163120";" 1278.17";"   59.49"
"1";"T001176  ";"1995JJ00";"  173520";" 1192.41";"   59.84"
"2";"T001176  ";"2000JJ00";"  172290";"  975.64";"   53.01"
"3";"T001176  ";"2001JJ00";"  177390";"  949.16";"   49.71"
"4";"T001176  ";"2002JJ00";"  176670";"  904.27";"   47.01"
"5";"T001176  ";"2003JJ00";"  180090";"  874.05";"   46.59"
"6";"T001176  ";"2004JJ00";"  181710";"  856.72";"   48.08"
"7";"T001176  ";"2005JJ00";"  177800";"  800.50";"   47.76"
"8";"T001176  ";"2006JJ00";"  173000";"  783.83";"   47.58"
"9";"T001176  ";"2007JJ00";"  172860";"  786.81";"   42.03"
"10";"T001176  ";"2008JJ00";"  175770";"  795.75";"   29.36"
"11";"T001176  ";"2009JJ00";"  170410";"  785.77";"   28.66"
"12";"T001176  ";"2010JJ00";"  182440";"  783.90";"   27.67"
"13";"T001176  ";"2011JJ00";"  169370";"  761.25";"   27.04"
"14";"T001176  ";"2012JJ00";"  166130";"  746.01";"   26.43"
"15";"T001176  ";"2013JJ00";"  166020";"  745.28";"   27.11"
"16";"T001176  ";"2014JJ00";"  158870";"  729.39";"   27.50"
"17";"T001176  ";"2015JJ00";"  166870";"  737.37";"   28.42"
"18";"T001176  ";"2016JJ00";"  167040";"  743.46";"   27.57"
"19";"T001176  ";"2017JJ00";"  165190";"  718.96";"   29.04"
"20";"A025447  ";"1990JJ00";"  131190";" 1269.98";"   59.07"
"21";"A025447  ";"1995JJ00";"  138660";" 1186.59";"   58.91"
"22";"A025447  ";"2000JJ00";"  134830";"  971.47";"   51.99"
"23";"A025447  ";"2001JJ00";"  139660";"  945.11";"   48.70"
"24";"A025447  ";"2002JJ00";"  138540";"  900.33";"   46.00"
"25";"A025447  ";"2003JJ00";"  141610";"  870.25";"   45.61"
"26";"A025447  ";"2004JJ00";"  142780";"  853.16";"   47.12"
"27";"A025447  ";"2005JJ00";"  138570";"  797.04";"   46.84"
"28";"A025447  ";"2006JJ00";"  132970";"  780.41";"   46.67"
"29";"A025447  ";"2007JJ00";"  133910";"  783.41";"   41.10"
"30";"A025447  ";"2008JJ00";"  136580";"  792.38";"   28.41"
"31";"A025447  ";"2009JJ00";"  132840";"  782.55";"   27.73"
"32";"A025447  ";"2010JJ00";"  144120";"  780.80";"   26.72"
"33";"A025447  ";"2011JJ00";"  131170";"  758.21";"   26.08"
"34";"A025447  ";"2012JJ00";"  129800";"  743.17";"   25.50"
"35";"A025447  ";"2013JJ00";"  130480";"  742.53";"   26.17"
"36";"A025447  ";"2014JJ00";"  125480";"  726.78";"   26.62"
"37";"A025447  ";"2015JJ00";"  132980";"  734.75";"   27.53"
"38";"A025447  ";"2016JJ00";"  132980";"  740.88";"   26.69"
"39";"A025447  ";"2017JJ00";"  130590";"  716.38";"   28.13"
"40";"800044   ";"1990JJ00";"   52810";"   80.02";"    0.42"
"41";"800044   ";"1995JJ00";"   61240";"   80.16";"    0.46"
"42";"800044   ";"2000JJ00";"   62590";"   41.16";"    0.42"
"43";"800044   ";"2001JJ00";"   66500";"   40.87";"    0.46"
"44";"800044   ";"2002JJ00";"   66570";"   39.41";"    0.48"
"45";"800044   ";"2003JJ00";"   67760";"   38.84";"    0.48"
"46";"800044   ";"2004JJ00";"   68970";"   37.29";"    0.49"
"47";"800044   ";"2005JJ00";"   66400";"   40.07";"    0.54"
"48";"800044   ";"2006JJ00";"   61280";"   36.27";"    0.50"
"49";"800044   ";"2007JJ00";"   63930";"   38.74";"    0.52"
"50";"800044   ";"2008JJ00";"   63530";"   40.35";"    0.49"
"51";"800044   ";"2009JJ00";"   62410";"   35.37";"    0.50"
"52";"800044   ";"2010JJ00";"   64470";"   38.54";"    0.51"
"53";"800044   ";"2011JJ00";"   60400";"   38.88";"    0.48"
"54";"800044   ";"2012JJ00";"   57230";"   36.33";"    0.51"
"55";"800044   ";"2013JJ00";"   57200";"   32.75";"    0.49"
"56";"800044   ";"2014JJ00";"   61220";"   31.68";"    0.52"
"57";"800044   ";"2015JJ00";"   66080";"   30.07";"    0.62"
"58";"800044   ";"2016JJ00";"   64190";"   28.31";"    0.59"
"59";"800044   ";"2017JJ00";"   60180";"   26.16";"    0.52"
"60";"305800   ";"1990JJ00";"    1960";"   60.51";"    0.00"
"61";"305800   ";"1995JJ00";"    1730";"   60.56";"    0.00"
"62";"305800   ";"2000JJ00";"    1770";"   21.85";"    0.00"
"63";"305800   ";"2001JJ00";"    1770";"   21.34";"    0.00"
"64";"305800   ";"2002JJ00";"    1840";"   18.07";"    0.00"
"65";"305800   ";"2003JJ00";"    1710";"   17.65";"    0.00"
"66";"305800   ";"2004JJ00";"    1710";"   15.45";"    0.00"
"67";"305800   ";"2005JJ00";"    1790";"   17.56";"    0.00"
"68";"305800   ";"2006JJ00";"    1710";"   14.63";"    0.00"
"69";"305800   ";"2007JJ00";"    1690";"   17.30";"    0.03"
"70";"305800   ";"2008JJ00";"    1700";"   19.05";"    0.03"
"71";"305800   ";"2009JJ00";"    1760";"   13.25";"    0.02"
"72";"305800   ";"2010JJ00";"    1840";"   16.00";"    0.03"
"73";"305800   ";"2011JJ00";"    1860";"   15.83";"    0.03"
"74";"305800   ";"2012JJ00";"    1970";"   15.40";"    0.03"
"75";"305800   ";"2013JJ00";"    1990";"   13.55";"    0.03"
"76";"305800   ";"2014JJ00";"    2040";"   13.99";"    0.03"
"77";"305800   ";"2015JJ00";"    1850";"   13.75";"    0.03"
"78";"305800   ";"2016JJ00";"    1650";"   12.26";"    0.03"
"79";"305800   ";"2017JJ00";"    1650";"   12.26";"    0.03"
"80";"320300   ";"1990JJ00";"   11040";"    1.13";"    0.05"
"81";"320300   ";"1995JJ00";"   11620";"    1.03";"    0.05"
"82";"320300   ";"2000JJ00";"   12400";"    0.90";"    0.04"
"83";"320300   ";"2001JJ00";"   12730";"    0.86";"    0.04"
"84";"320300   ";"2002JJ00";"   11720";"    0.87";"    0.03"
"85";"320300   ";"2003JJ00";"   12270";"    0.89";"    0.04"
"86";"320300   ";"2004JJ00";"   12220";"    0.94";"    0.04"
"87";"320300   ";"2005JJ00";"   12380";"    0.87";"    0.04"
"88";"320300   ";"2006JJ00";"   11590";"    0.84";"    0.04"
"89";"320300   ";"2007JJ00";"   11610";"    0.95";"    0.04"
"90";"320300   ";"2008JJ00";"   11820";"    0.84";"    0.04"
"91";"320300   ";"2009JJ00";"   10770";"    1.26";"    0.03"
"92";"320300   ";"2010JJ00";"   10630";"    1.03";"    0.02"
"93";"320300   ";"2011JJ00";"   10810";"    1.48";"    0.03"
"94";"320300   ";"2012JJ00";"   10510";"    1.31";"    0.03"
"95";"320300   ";"2013JJ00";"   10290";"    0.86";"    0.03"
"96";"320300   ";"2014JJ00";"   10660";"    0.87";"    0.03"
"97";"320300   ";"2015JJ00";"   11040";"    0.89";"    0.03"
"98";"320300   ";"2016JJ00";"   10590";"    0.91";"    0.03"
"99";"320300   ";"2017JJ00";"   10030";"    0.92";"    0.03"
"100";"346700   ";"1990JJ00";"   39810";"   18.37";"    0.38"
"101";"346700   ";"1995JJ00";"   47890";"   18.57";"    0.41"
"102";"346700   ";"2000JJ00";"   48430";"   18.41";"    0.38"
"103";"346700   ";"2001JJ00";"   51990";"   18.66";"    0.42"
"104";"346700   ";"2002JJ00";"   53010";"   20.46";"    0.44"
"105";"346700   ";"2003JJ00";"   53780";"   20.30";"    0.44"
"106";"346700   ";"2004JJ00";"   55040";"   20.90";"    0.45"
"107";"346700   ";"2005JJ00";"   52230";"   21.63";"    0.50"
"108";"346700   ";"2006JJ00";"   47980";"   20.81";"    0.46"
"109";"346700   ";"2007JJ00";"   50630";"   20.48";"    0.45"
"110";"346700   ";"2008JJ00";"   50000";"   20.46";"    0.43"
"111";"346700   ";"2009JJ00";"   49880";"   20.86";"    0.45"
"112";"346700   ";"2010JJ00";"   52000";"   21.51";"    0.46"
"113";"346700   ";"2011JJ00";"   47730";"   21.57";"    0.43"
"114";"346700   ";"2012JJ00";"   44760";"   19.61";"    0.46"
"115";"346700   ";"2013JJ00";"   44920";"   18.34";"    0.43"
"116";"346700   ";"2014JJ00";"   48510";"   16.82";"    0.46"
"117";"346700   ";"2015JJ00";"   53190";"   15.43";"    0.56"
"118";"346700   ";"2016JJ00";"   51950";"   15.14";"    0.52"
"119";"346700   ";"2017JJ00";"   48490";"   12.98";"    0.45"
"120";"800045   ";"1990JJ00";"   40930";"   18.42";"   23.01"
"121";"800045   ";"1995JJ00";"   35950";"   18.53";"   22.94"
"122";"800045   ";"2000JJ00";"   34150";"   19.28";"   22.13"
"123";"800045   ";"2001JJ00";"   33560";"   19.10";"   20.10"
"124";"800045   ";"2002JJ00";"   33890";"   20.68";"   19.22"
"125";"800045   ";"2003JJ00";"   34450";"   21.49";"   19.39"
"126";"800045   ";"2004JJ00";"   34210";"   19.49";"   21.29"
"127";"800045   ";"2005JJ00";"   33940";"   21.43";"   21.41"
"128";"800045   ";"2006JJ00";"   33940";"   20.86";"   21.25"
"129";"800045   ";"2007JJ00";"   34740";"   21.51";"   16.87"
"130";"800045   ";"2008JJ00";"   34010";"   20.03";"    4.67"
"131";"800045   ";"2009JJ00";"   31090";"   18.67";"    4.85"
"132";"800045   ";"2010JJ00";"   34280";"   20.42";"    3.92"
"133";"800045   ";"2011JJ00";"   33650";"   19.37";"    4.00"
"134";"800045   ";"2012JJ00";"   33230";"   19.97";"    3.96"
"135";"800045   ";"2013JJ00";"   32720";"   18.88";"    4.03"
"136";"800045   ";"2014JJ00";"   31900";"   19.24";"    4.23"
"137";"800045   ";"2015JJ00";"   32550";"   18.92";"    4.38"
"138";"800045   ";"2016JJ00";"   33530";"   20.14";"    3.55"
"139";"800045   ";"2017JJ00";"   35450";"   20.46";"    5.11"
"140";"320705   ";"1990JJ00";"   22080";"   16.67";"   22.95"
"141";"320705   ";"1995JJ00";"   17230";"   16.46";"   22.89"
"142";"320705   ";"2000JJ00";"   16470";"   16.89";"   22.08"
"143";"320705   ";"2001JJ00";"   15760";"   16.82";"   20.05"
"144";"320705   ";"2002JJ00";"   16120";"   18.52";"   19.16"
"145";"320705   ";"2003JJ00";"   16640";"   19.31";"   19.33"
"146";"320705   ";"2004JJ00";"   16520";"   17.38";"   21.23"
"147";"320705   ";"2005JJ00";"   16270";"   19.30";"   21.35"
"148";"320705   ";"2006JJ00";"   16880";"   18.78";"   21.18"
"149";"320705   ";"2007JJ00";"   17480";"   19.47";"   16.80"
"150";"320705   ";"2008JJ00";"   17140";"   17.92";"    4.58"
"151";"320705   ";"2009JJ00";"   16190";"   16.65";"    4.77"
"152";"320705   ";"2010JJ00";"   18190";"   18.42";"    3.83"
"153";"320705   ";"2011JJ00";"   17700";"   17.40";"    3.91"
"154";"320705   ";"2012JJ00";"   18150";"   18.12";"    3.87"
"155";"320705   ";"2013JJ00";"   17910";"   17.11";"    3.95"
"156";"320705   ";"2014JJ00";"   17560";"   17.44";"    4.15"
"157";"320705   ";"2015JJ00";"   17870";"   17.01";"    4.29"
"158";"320705   ";"2016JJ00";"   18580";"   18.30";"    3.46"
"159";"320705   ";"2017JJ00";"   19560";"   18.62";"    5.02"
"160";"328100   ";"1990JJ00";"    7550";"    0.42";"    0.03"
"161";"328100   ";"1995JJ00";"    7750";"    0.43";"    0.03"
"162";"328100   ";"2000JJ00";"    6360";"    0.35";"    0.02"
"163";"328100   ";"2001JJ00";"    6550";"    0.36";"    0.02"
"164";"328100   ";"2002JJ00";"    6700";"    0.35";"    0.03"
"165";"328100   ";"2003JJ00";"    7080";"    0.35";"    0.03"
"166";"328100   ";"2004JJ00";"    7250";"    0.35";"    0.03"
"167";"328100   ";"2005JJ00";"    7240";"    0.36";"    0.03"
"168";"328100   ";"2006JJ00";"    7060";"    0.34";"    0.03"
"169";"328100   ";"2007JJ00";"    7320";"    0.35";"    0.03"
"170";"328100   ";"2008JJ00";"    7320";"    0.34";"    0.03"
"171";"328100   ";"2009JJ00";"    6100";"    0.28";"    0.02"
"172";"328100   ";"2010JJ00";"    6890";"    0.33";"    0.02"
"173";"328100   ";"2011JJ00";"    6990";"    0.33";"    0.03"
"174";"328100   ";"2012JJ00";"    6430";"    0.31";"    0.03"
"175";"328100   ";"2013JJ00";"    6610";"    0.32";"    0.03"
"176";"328100   ";"2014JJ00";"    6190";"    0.32";"    0.03"
"177";"328100   ";"2015JJ00";"    6600";"    0.32";"    0.03"
"178";"328100   ";"2016JJ00";"    6620";"    0.32";"    0.03"
"179";"328100   ";"2017JJ00";"    7220";"    0.32";"    0.03"
"180";"A025441  ";"1990JJ00";"   10800";"    1.29";"    0.03"
"181";"A025441  ";"1995JJ00";"   10250";"    1.59";"    0.03"
"182";"A025441  ";"2000JJ00";"   10650";"    1.98";"    0.03"
"183";"A025441  ";"2001JJ00";"   10440";"    1.85";"    0.03"
"184";"A025441  ";"2002JJ00";"   10270";"    1.74";"    0.03"
"185";"A025441  ";"2003JJ00";"    9870";"    1.74";"    0.03"
"186";"A025441  ";"2004JJ00";"    9610";"    1.67";"    0.03"
"187";"A025441  ";"2005JJ00";"    9650";"    1.70";"    0.03"
"188";"A025441  ";"2006JJ00";"    9220";"    1.66";"    0.04"
"189";"A025441  ";"2007JJ00";"    9170";"    1.62";"    0.04"
"190";"A025441  ";"2008JJ00";"    8780";"    1.70";"    0.06"
"191";"A025441  ";"2009JJ00";"    8090";"    1.68";"    0.07"
"192";"A025441  ";"2010JJ00";"    8390";"    1.60";"    0.06"
"193";"A025441  ";"2011JJ00";"    8210";"    1.57";"    0.06"
"194";"A025441  ";"2012JJ00";"    7900";"    1.46";"    0.06"
"195";"A025441  ";"2013JJ00";"    7460";"    1.38";"    0.05"
"196";"A025441  ";"2014JJ00";"    7510";"    1.41";"    0.06"
"197";"A025441  ";"2015JJ00";"    7470";"    1.51";"    0.07"
"198";"A025441  ";"2016JJ00";"    7720";"    1.44";"    0.07"
"199";"A025441  ";"2017JJ00";"    8040";"    1.43";"    0.06"
"200";"350000   ";"1990JJ00";"     500";"    0.04";"    0.00"
"201";"350000   ";"1995JJ00";"     720";"    0.05";"    0.00"
"202";"350000   ";"2000JJ00";"     670";"    0.06";"    0.00"
"203";"350000   ";"2001JJ00";"     820";"    0.07";"    0.00"
"204";"350000   ";"2002JJ00";"     810";"    0.07";"    0.00"
"205";"350000   ";"2003JJ00";"     860";"    0.08";"    0.00"
"206";"350000   ";"2004JJ00";"     830";"    0.08";"    0.00"
"207";"350000   ";"2005JJ00";"     780";"    0.07";"    0.00"
"208";"350000   ";"2006JJ00";"     790";"    0.07";"    0.00"
"209";"350000   ";"2007JJ00";"     770";"    0.07";"    0.00"
"210";"350000   ";"2008JJ00";"     770";"    0.07";"    0.00"
"211";"350000   ";"2009JJ00";"     700";"    0.07";"    0.00"
"212";"350000   ";"2010JJ00";"     800";"    0.08";"    0.00"
"213";"350000   ";"2011JJ00";"     750";"    0.07";"    0.00"
"214";"350000   ";"2012JJ00";"     760";"    0.08";"    0.00"
"215";"350000   ";"2013JJ00";"     750";"    0.08";"    0.00"
"216";"350000   ";"2014JJ00";"     650";"    0.07";"    0.00"
"217";"350000   ";"2015JJ00";"     600";"    0.07";"    0.00"
"218";"350000   ";"2016JJ00";"     610";"    0.08";"    0.00"
"219";"350000   ";"2017JJ00";"     630";"    0.09";"    0.00"
"220";"1050010  ";"1990JJ00";"   20870";"   22.16";"    0.20"
"221";"1050010  ";"1995JJ00";"   23470";"   23.37";"    0.27"
"222";"1050010  ";"2000JJ00";"   20690";"   20.82";"    0.27"
"223";"1050010  ";"2001JJ00";"   21950";"   21.39";"    0.23"
"224";"1050010  ";"2002JJ00";"   21170";"   20.73";"    0.23"
"225";"1050010  ";"2003JJ00";"   21650";"   21.09";"    0.24"
"226";"1050010  ";"2004JJ00";"   20700";"   20.44";"    0.28"
"227";"1050010  ";"2005JJ00";"   19900";"   20.12";"    0.29"
"228";"1050010  ";"2006JJ00";"   20050";"   20.14";"    0.31"
"229";"1050010  ";"2007JJ00";"   17910";"   18.33";"    0.28"
"230";"1050010  ";"2008JJ00";"   20250";"   20.02";"    0.30"
"231";"1050010  ";"2009JJ00";"   20130";"   19.99";"    0.35"
"232";"1050010  ";"2010JJ00";"   23430";"   22.37";"    0.35"
"233";"1050010  ";"2011JJ00";"   18240";"   18.72";"    0.34"
"234";"1050010  ";"2012JJ00";"   19490";"   19.67";"    0.34"
"235";"1050010  ";"2013JJ00";"   20680";"   20.63";"    0.34"
"236";"1050010  ";"2014JJ00";"   15470";"   17.04";"    0.34"
"237";"1050010  ";"2015JJ00";"   16490";"   17.85";"    0.35"
"238";"1050010  ";"2016JJ00";"   17170";"   18.43";"    0.35"
"239";"1050010  ";"2017JJ00";"   16520";"   18.01";"    0.35"
"240";"800051   ";"1990JJ00";"   16580";" 1149.39";"   35.44"
"241";"800051   ";"1995JJ00";"   17990";" 1064.54";"   35.24"
"242";"800051   ";"2000JJ00";"   17390";"  890.21";"   29.17"
"243";"800051   ";"2001JJ00";"   17660";"  863.74";"   27.90"
"244";"800051   ";"2002JJ00";"   16900";"  819.52";"   26.08"
"245";"800051   ";"2003JJ00";"   17750";"  788.84";"   25.50"
"246";"800051   ";"2004JJ00";"   18900";"  775.94";"   25.05"
"247";"800051   ";"2005JJ00";"   18330";"  715.42";"   24.59"
"248";"800051   ";"2006JJ00";"   17710";"  703.14";"   24.61"
"249";"800051   ";"2007JJ00";"   17330";"  704.83";"   23.44"
"250";"800051   ";"2008JJ00";"   18790";"  711.98";"   22.95"
"251";"800051   ";"2009JJ00";"   19210";"  708.52";"   22.02"
"252";"800051   ";"2010JJ00";"   21940";"  699.46";"   21.93"
"253";"800051   ";"2011JJ00";"   18880";"  681.23";"   21.26"
"254";"800051   ";"2012JJ00";"   19840";"  667.20";"   20.69"
"255";"800051   ";"2013JJ00";"   19890";"  670.26";"   21.31"
"256";"800051   ";"2014JJ00";"   16890";"  658.82";"   21.53"
"257";"800051   ";"2015JJ00";"   17860";"  667.93";"   22.18"
"258";"800051   ";"2016JJ00";"   18090";"  674.00";"   22.20"
"259";"800051   ";"2017JJ00";"   18440";"  651.75";"   22.16"
"260";"301100   ";"1990JJ00";"    7740";"  589.68";"   34.10"
"261";"301100   ";"1995JJ00";"    8250";"  567.02";"   33.83"
"262";"301100   ";"2000JJ00";"    7490";"  499.98";"   27.89"
"263";"301100   ";"2001JJ00";"    7280";"  496.13";"   26.70"
"264";"301100   ";"2002JJ00";"    6810";"  470.59";"   24.95"
"265";"301100   ";"2003JJ00";"    6880";"  461.92";"   24.41"
"266";"301100   ";"2004JJ00";"    7100";"  462.45";"   23.95"
"267";"301100   ";"2005JJ00";"    7410";"  462.01";"   23.52"
"268";"301100   ";"2006JJ00";"    6780";"  467.77";"   23.58"
"269";"301100   ";"2007JJ00";"    7230";"  484.81";"   22.43"
"270";"301100   ";"2008JJ00";"    8000";"  505.54";"   21.94"
"271";"301100   ";"2009JJ00";"    7950";"  513.11";"   21.01"
"272";"301100   ";"2010JJ00";"    9510";"  517.75";"   20.97"
"273";"301100   ";"2011JJ00";"    8420";"  510.70";"   20.26"
"274";"301100   ";"2012JJ00";"    8410";"  506.13";"   19.70"
"275";"301100   ";"2013JJ00";"    8200";"  517.28";"   20.34"
"276";"301100   ";"2014JJ00";"    6990";"  515.58";"   20.58"
"277";"301100   ";"2015JJ00";"    7320";"  532.78";"   21.19"
"278";"301100   ";"2016JJ00";"    7340";"  546.87";"   21.14"
"279";"301100   ";"2017JJ00";"    7660";"  532.06";"   21.10"
"280";"A025446  ";"1990JJ00";"    8840";"  559.71";"    1.34"
"281";"A025446  ";"1995JJ00";"    9740";"  497.52";"    1.41"
"282";"A025446  ";"2000JJ00";"    9900";"  390.23";"    1.28"
"283";"A025446  ";"2001JJ00";"   10380";"  367.61";"    1.20"
"284";"A025446  ";"2002JJ00";"   10100";"  348.93";"    1.13"
"285";"A025446  ";"2003JJ00";"   10870";"  326.92";"    1.09"
"286";"A025446  ";"2004JJ00";"   11810";"  313.50";"    1.10"
"287";"A025446  ";"2005JJ00";"   10920";"  253.41";"    1.07"
"288";"A025446  ";"2006JJ00";"   10930";"  235.37";"    1.03"
"289";"A025446  ";"2007JJ00";"   10100";"  220.02";"    1.01"
"290";"A025446  ";"2008JJ00";"   10790";"  206.45";"    1.00"
"291";"A025446  ";"2009JJ00";"   11260";"  195.41";"    1.01"
"292";"A025446  ";"2010JJ00";"   12430";"  181.71";"    0.97"
"293";"A025446  ";"2011JJ00";"   10460";"  170.53";"    1.00"
"294";"A025446  ";"2012JJ00";"   11430";"  161.07";"    0.99"
"295";"A025446  ";"2013JJ00";"   11690";"  152.98";"    0.97"
"296";"A025446  ";"2014JJ00";"    9900";"  143.24";"    0.95"
"297";"A025446  ";"2015JJ00";"   10540";"  135.15";"    0.99"
"298";"A025446  ";"2016JJ00";"   10750";"  127.13";"    1.05"
"299";"A025446  ";"2017JJ00";"   10770";"  119.69";"    1.06"
"300";"A025421  ";"1990JJ00";"   31930";"    8.19";"    0.43"
"301";"A025421  ";"1995JJ00";"   34850";"    5.83";"    0.93"
"302";"A025421  ";"2000JJ00";"   37460";"    4.17";"    1.02"
"303";"A025421  ";"2001JJ00";"   37730";"    4.06";"    1.01"
"304";"A025421  ";"2002JJ00";"   38130";"    3.94";"    1.00"
"305";"A025421  ";"2003JJ00";"   38490";"    3.79";"    0.98"
"306";"A025421  ";"2004JJ00";"   38920";"    3.56";"    0.96"
"307";"A025421  ";"2005JJ00";"   39230";"    3.46";"    0.93"
"308";"A025421  ";"2006JJ00";"   40030";"    3.42";"    0.92"
"309";"A025421  ";"2007JJ00";"   38960";"    3.40";"    0.92"
"310";"A025421  ";"2008JJ00";"   39190";"    3.37";"    0.95"
"311";"A025421  ";"2009JJ00";"   37570";"    3.22";"    0.94"
"312";"A025421  ";"2010JJ00";"   38320";"    3.10";"    0.95"
"313";"A025421  ";"2011JJ00";"   38200";"    3.04";"    0.97"
"314";"A025421  ";"2012JJ00";"   36330";"    2.84";"    0.93"
"315";"A025421  ";"2013JJ00";"   35540";"    2.75";"    0.94"
"316";"A025421  ";"2014JJ00";"   33380";"    2.61";"    0.88"
"317";"A025421  ";"2015JJ00";"   33890";"    2.62";"    0.90"
"318";"A025421  ";"2016JJ00";"   34060";"    2.58";"    0.88"
"319";"A025421  ";"2017JJ00";"   34600";"    2.59";"    0.90"
"320";"A025422  ";"1990JJ00";"   27500";"    7.69";"    0.35"
"321";"A025422  ";"1995JJ00";"   30010";"    5.30";"    0.84"
"322";"A025422  ";"2000JJ00";"   32460";"    3.66";"    0.93"
"323";"A025422  ";"2001JJ00";"   32750";"    3.57";"    0.93"
"324";"A025422  ";"2002JJ00";"   33510";"    3.49";"    0.92"
"325";"A025422  ";"2003JJ00";"   34030";"    3.38";"    0.90"
"326";"A025422  ";"2004JJ00";"   34560";"    3.17";"    0.88"
"327";"A025422  ";"2005JJ00";"   34810";"    3.08";"    0.85"
"328";"A025422  ";"2006JJ00";"   35680";"    3.06";"    0.85"
"329";"A025422  ";"2007JJ00";"   34760";"    3.07";"    0.86"
"330";"A025422  ";"2008JJ00";"   34970";"    3.05";"    0.88"
"331";"A025422  ";"2009JJ00";"   33420";"    2.92";"    0.87"
"332";"A025422  ";"2010JJ00";"   34230";"    2.82";"    0.88"
"333";"A025422  ";"2011JJ00";"   34210";"    2.78";"    0.91"
"334";"A025422  ";"2012JJ00";"   32600";"    2.61";"    0.88"
"335";"A025422  ";"2013JJ00";"   31850";"    2.52";"    0.88"
"336";"A025422  ";"2014JJ00";"   29560";"    2.38";"    0.82"
"337";"A025422  ";"2015JJ00";"   30010";"    2.40";"    0.84"
"338";"A025422  ";"2016JJ00";"   30170";"    2.37";"    0.82"
"339";"A025422  ";"2017JJ00";"   30810";"    2.39";"    0.85"
"340";"A025423  ";"1990JJ00";"      90";"    0.01";"    0.00"
"341";"A025423  ";"1995JJ00";"      90";"    0.01";"    0.00"
"342";"A025423  ";"2000JJ00";"     110";"    0.01";"    0.00"
"343";"A025423  ";"2001JJ00";"     110";"    0.01";"    0.00"
"344";"A025423  ";"2002JJ00";"     110";"    0.01";"    0.00"
"345";"A025423  ";"2003JJ00";"     100";"    0.01";"    0.00"
"346";"A025423  ";"2004JJ00";"     110";"    0.01";"    0.00"
"347";"A025423  ";"2005JJ00";"     110";"    0.01";"    0.00"
"348";"A025423  ";"2006JJ00";"     110";"    0.01";"    0.00"
"349";"A025423  ";"2007JJ00";"     100";"    0.01";"    0.00"
"350";"A025423  ";"2008JJ00";"     100";"    0.01";"    0.00"
"351";"A025423  ";"2009JJ00";"      90";"    0.01";"    0.00"
"352";"A025423  ";"2010JJ00";"     110";"    0.01";"    0.00"
"353";"A025423  ";"2011JJ00";"     100";"    0.01";"    0.00"
"354";"A025423  ";"2012JJ00";"      80";"    0.00";"    0.00"
"355";"A025423  ";"2013JJ00";"      80";"    0.00";"    0.00"
"356";"A025423  ";"2014JJ00";"      80";"    0.01";"    0.00"
"357";"A025423  ";"2015JJ00";"     100";"    0.01";"    0.00"
"358";"A025423  ";"2016JJ00";"     100";"    0.01";"    0.00"
"359";"A025423  ";"2017JJ00";"      80";"    0.00";"    0.00"
"360";"A025424  ";"1990JJ00";"   26580";"    7.59";"    0.32"
"361";"A025424  ";"1995JJ00";"   29060";"    5.20";"    0.82"
"362";"A025424  ";"2000JJ00";"   31470";"    3.54";"    0.90"
"363";"A025424  ";"2001JJ00";"   31740";"    3.45";"    0.90"
"364";"A025424  ";"2002JJ00";"   32470";"    3.37";"    0.90"
"365";"A025424  ";"2003JJ00";"   33030";"    3.26";"    0.88"
"366";"A025424  ";"2004JJ00";"   33570";"    3.05";"    0.86"
"367";"A025424  ";"2005JJ00";"   33750";"    2.95";"    0.83"
"368";"A025424  ";"2006JJ00";"   34580";"    2.92";"    0.82"
"369";"A025424  ";"2007JJ00";"   33600";"    2.92";"    0.83"
"370";"A025424  ";"2008JJ00";"   33790";"    2.91";"    0.85"
"371";"A025424  ";"2009JJ00";"   32240";"    2.77";"    0.84"
"372";"A025424  ";"2010JJ00";"   32910";"    2.66";"    0.85"
"373";"A025424  ";"2011JJ00";"   32880";"    2.62";"    0.87"
"374";"A025424  ";"2012JJ00";"   31390";"    2.46";"    0.85"
"375";"A025424  ";"2013JJ00";"   30580";"    2.36";"    0.85"
"376";"A025424  ";"2014JJ00";"   28440";"    2.24";"    0.79"
"377";"A025424  ";"2015JJ00";"   28770";"    2.25";"    0.81"
"378";"A025424  ";"2016JJ00";"   29030";"    2.23";"    0.79"
"379";"A025424  ";"2017JJ00";"   29710";"    2.25";"    0.82"
"380";"A025425  ";"1990JJ00";"     740";"    0.09";"    0.02"
"381";"A025425  ";"1995JJ00";"     780";"    0.10";"    0.02"
"382";"A025425  ";"2000JJ00";"     820";"    0.11";"    0.02"
"383";"A025425  ";"2001JJ00";"     850";"    0.11";"    0.02"
"384";"A025425  ";"2002JJ00";"     880";"    0.12";"    0.02"
"385";"A025425  ";"2003JJ00";"     840";"    0.12";"    0.02"
"386";"A025425  ";"2004JJ00";"     850";"    0.12";"    0.02"
"387";"A025425  ";"2005JJ00";"     910";"    0.13";"    0.02"
"388";"A025425  ";"2006JJ00";"     950";"    0.13";"    0.02"
"389";"A025425  ";"2007JJ00";"    1010";"    0.14";"    0.03"
"390";"A025425  ";"2008JJ00";"    1030";"    0.14";"    0.03"
"391";"A025425  ";"2009JJ00";"    1050";"    0.14";"    0.03"
"392";"A025425  ";"2010JJ00";"    1170";"    0.15";"    0.03"
"393";"A025425  ";"2011JJ00";"    1180";"    0.15";"    0.03"
"394";"A025425  ";"2012JJ00";"    1090";"    0.14";"    0.03"
"395";"A025425  ";"2013JJ00";"    1150";"    0.15";"    0.03"
"396";"A025425  ";"2014JJ00";"     990";"    0.13";"    0.03"
"397";"A025425  ";"2015JJ00";"    1110";"    0.14";"    0.03"
"398";"A025425  ";"2016JJ00";"    1010";"    0.14";"    0.03"
"399";"A025425  ";"2017JJ00";"     990";"    0.13";"    0.03"
"400";"A025428  ";"1990JJ00";"      80";"    0.00";"    0.00"
"401";"A025428  ";"1995JJ00";"      80";"    0.00";"    0.00"
"402";"A025428  ";"2000JJ00";"      60";"    0.00";"    0.00"
"403";"A025428  ";"2001JJ00";"      50";"    0.00";"    0.00"
"404";"A025428  ";"2002JJ00";"      50";"    0.00";"    0.00"
"405";"A025428  ";"2003JJ00";"      50";"    0.00";"    0.00"
"406";"A025428  ";"2004JJ00";"      40";"    0.00";"    0.00"
"407";"A025428  ";"2005JJ00";"      40";"    0.00";"    0.00"
"408";"A025428  ";"2006JJ00";"      40";"    0.00";"    0.00"
"409";"A025428  ";"2007JJ00";"      40";"    0.00";"    0.00"
"410";"A025428  ";"2008JJ00";"      40";"    0.00";"    0.00"
"411";"A025428  ";"2009JJ00";"      40";"    0.00";"    0.00"
"412";"A025428  ";"2010JJ00";"      40";"    0.00";"    0.00"
"413";"A025428  ";"2011JJ00";"      40";"    0.00";"    0.00"
"414";"A025428  ";"2012JJ00";"      40";"    0.00";"    0.00"
"415";"A025428  ";"2013JJ00";"      40";"    0.00";"    0.00"
"416";"A025428  ";"2014JJ00";"      40";"    0.00";"    0.00"
"417";"A025428  ";"2015JJ00";"      30";"    0.00";"    0.00"
"418";"A025428  ";"2016JJ00";"      30";"    0.00";"    0.00"
"419";"A025428  ";"2017JJ00";"      30";"    0.00";"    0.00"
"420";"A025429  ";"1990JJ00";"    4420";"    0.50";"    0.08"
"421";"A025429  ";"1995JJ00";"    4840";"    0.53";"    0.09"
"422";"A025429  ";"2000JJ00";"    5010";"    0.51";"    0.09"
"423";"A025429  ";"2001JJ00";"    4980";"    0.49";"    0.09"
"424";"A025429  ";"2002JJ00";"    4620";"    0.45";"    0.08"
"425";"A025429  ";"2003JJ00";"    4460";"    0.41";"    0.08"
"426";"A025429  ";"2004JJ00";"    4360";"    0.39";"    0.07"
"427";"A025429  ";"2005JJ00";"    4430";"    0.38";"    0.07"
"428";"A025429  ";"2006JJ00";"    4350";"    0.36";"    0.07"
"429";"A025429  ";"2007JJ00";"    4200";"    0.34";"    0.07"
"430";"A025429  ";"2008JJ00";"    4220";"    0.32";"    0.07"
"431";"A025429  ";"2009JJ00";"    4150";"    0.30";"    0.07"
"432";"A025429  ";"2010JJ00";"    4090";"    0.29";"    0.07"
"433";"A025429  ";"2011JJ00";"    3990";"    0.26";"    0.06"
"434";"A025429  ";"2012JJ00";"    3730";"    0.24";"    0.05"
"435";"A025429  ";"2013JJ00";"    3690";"    0.23";"    0.06"
"436";"A025429  ";"2014JJ00";"    3830";"    0.23";"    0.06"
"437";"A025429  ";"2015JJ00";"    3890";"    0.22";"    0.06"
"438";"A025429  ";"2016JJ00";"    3890";"    0.21";"    0.06"
"439";"A025429  ";"2017JJ00";"    3790";"    0.19";"    0.05"
"440";"A025430  ";"1990JJ00";"    1110";"    0.12";"    0.01"
"441";"A025430  ";"1995JJ00";"    1120";"    0.10";"    0.01"
"442";"A025430  ";"2000JJ00";"    1130";"    0.10";"    0.01"
"443";"A025430  ";"2001JJ00";"    1120";"    0.09";"    0.01"
"444";"A025430  ";"2002JJ00";"    1070";"    0.09";"    0.01"
"445";"A025430  ";"2003JJ00";"    1080";"    0.08";"    0.01"
"446";"A025430  ";"2004JJ00";"    1030";"    0.07";"    0.01"
"447";"A025430  ";"2005JJ00";"    1090";"    0.07";"    0.01"
"448";"A025430  ";"2006JJ00";"    1060";"    0.06";"    0.01"
"449";"A025430  ";"2007JJ00";"    1050";"    0.06";"    0.01"
"450";"A025430  ";"2008JJ00";"    1040";"    0.06";"    0.01"
"451";"A025430  ";"2009JJ00";"    1030";"    0.05";"    0.01"
"452";"A025430  ";"2010JJ00";"    1080";"    0.05";"    0.01"
"453";"A025430  ";"2011JJ00";"    1100";"    0.05";"    0.01"
"454";"A025430  ";"2012JJ00";"    1060";"    0.04";"    0.01"
"455";"A025430  ";"2013JJ00";"    1080";"    0.04";"    0.01"
"456";"A025430  ";"2014JJ00";"    1200";"    0.04";"    0.01"
"457";"A025430  ";"2015JJ00";"    1230";"    0.04";"    0.01"
"458";"A025430  ";"2016JJ00";"    1230";"    0.03";"    0.01"
"459";"A025430  ";"2017JJ00";"    1220";"    0.03";"    0.01"
"460";"A025431  ";"1990JJ00";"    1190";"    0.11";"    0.03"
"461";"A025431  ";"1995JJ00";"    1320";"    0.12";"    0.04"
"462";"A025431  ";"2000JJ00";"    1310";"    0.12";"    0.04"
"463";"A025431  ";"2001JJ00";"    1290";"    0.12";"    0.03"
"464";"A025431  ";"2002JJ00";"    1080";"    0.10";"    0.03"
"465";"A025431  ";"2003JJ00";"     980";"    0.09";"    0.03"
"466";"A025431  ";"2004JJ00";"     930";"    0.09";"    0.03"
"467";"A025431  ";"2005JJ00";"     910";"    0.09";"    0.02"
"468";"A025431  ";"2006JJ00";"     860";"    0.08";"    0.02"
"469";"A025431  ";"2007JJ00";"     750";"    0.07";"    0.02"
"470";"A025431  ";"2008JJ00";"     680";"    0.06";"    0.02"
"471";"A025431  ";"2009JJ00";"     640";"    0.06";"    0.02"
"472";"A025431  ";"2010JJ00";"     650";"    0.06";"    0.02"
"473";"A025431  ";"2011JJ00";"     550";"    0.05";"    0.02"
"474";"A025431  ";"2012JJ00";"     440";"    0.04";"    0.01"
"475";"A025431  ";"2013JJ00";"     510";"    0.05";"    0.01"
"476";"A025431  ";"2014JJ00";"     510";"    0.05";"    0.01"
"477";"A025431  ";"2015JJ00";"     570";"    0.05";"    0.02"
"478";"A025431  ";"2016JJ00";"     560";"    0.05";"    0.02"
"479";"A025431  ";"2017JJ00";"     470";"    0.05";"    0.01"
"480";"A025432  ";"1990JJ00";"     310";"    0.03";"    0.02"
"481";"A025432  ";"1995JJ00";"     300";"    0.03";"    0.02"
"482";"A025432  ";"2000JJ00";"     250";"    0.03";"    0.02"
"483";"A025432  ";"2001JJ00";"     230";"    0.02";"    0.01"
"484";"A025432  ";"2002JJ00";"     240";"    0.03";"    0.02"
"485";"A025432  ";"2003JJ00";"     220";"    0.02";"    0.01"
"486";"A025432  ";"2004JJ00";"     190";"    0.02";"    0.01"
"487";"A025432  ";"2005JJ00";"     200";"    0.02";"    0.01"
"488";"A025432  ";"2006JJ00";"     170";"    0.02";"    0.01"
"489";"A025432  ";"2007JJ00";"     170";"    0.02";"    0.01"
"490";"A025432  ";"2008JJ00";"     170";"    0.02";"    0.01"
"491";"A025432  ";"2009JJ00";"     180";"    0.02";"    0.01"
"492";"A025432  ";"2010JJ00";"     260";"    0.02";"    0.01"
"493";"A025432  ";"2011JJ00";"     190";"    0.02";"    0.01"
"494";"A025432  ";"2012JJ00";"     150";"    0.01";"    0.01"
"495";"A025432  ";"2013JJ00";"     180";"    0.02";"    0.01"
"496";"A025432  ";"2014JJ00";"     180";"    0.02";"    0.01"
"497";"A025432  ";"2015JJ00";"     160";"    0.01";"    0.01"
"498";"A025432  ";"2016JJ00";"     160";"    0.01";"    0.01"
"499";"A025432  ";"2017JJ00";"     150";"    0.01";"    0.01"
"500";"A025433  ";"1990JJ00";"    1820";"    0.24";"    0.02"
"501";"A025433  ";"1995JJ00";"    2100";"    0.27";"    0.03"
"502";"A025433  ";"2000JJ00";"    2310";"    0.26";"    0.03"
"503";"A025433  ";"2001JJ00";"    2340";"    0.25";"    0.03"
"504";"A025433  ";"2002JJ00";"    2240";"    0.23";"    0.03"
"505";"A025433  ";"2003JJ00";"    2180";"    0.22";"    0.03"
"506";"A025433  ";"2004JJ00";"    2200";"    0.21";"    0.03"
"507";"A025433  ";"2005JJ00";"    2240";"    0.21";"    0.03"
"508";"A025433  ";"2006JJ00";"    2250";"    0.20";"    0.03"
"509";"A025433  ";"2007JJ00";"    2230";"    0.19";"    0.03"
"510";"A025433  ";"2008JJ00";"    2330";"    0.18";"    0.03"
"511";"A025433  ";"2009JJ00";"    2300";"    0.17";"    0.03"
"512";"A025433  ";"2010JJ00";"    2100";"    0.15";"    0.03"
"513";"A025433  ";"2011JJ00";"    2150";"    0.15";"    0.03"
"514";"A025433  ";"2012JJ00";"    2080";"    0.14";"    0.03"
"515";"A025433  ";"2013JJ00";"    1930";"    0.13";"    0.02"
"516";"A025433  ";"2014JJ00";"    1930";"    0.12";"    0.02"
"517";"A025433  ";"2015JJ00";"    1930";"    0.11";"    0.02"
"518";"A025433  ";"2016JJ00";"    1930";"    0.10";"    0.02"
"519";"A025433  ";"2017JJ00";"    1940";"    0.10";"    0.02"
